,stress_score,stroke
0,1,0.002881844380403458
1,2,0.019538188277087035
2,3,0.04769351055512119
3,4,0.06142322097378277
4,5,0.08490566037735849
5,6,0.04924242424242424
6,7,0.05758157389635317
7,8,0.017699115044247787
