,hypertension,heart_disease,stroke
0,0,0,0.03386363636363637
1,0,1,0.16037735849056603
2,1,0,0.12211981566820276
3,1,1,0.203125
